Date,Close,High,Low,Open,Volume,Adj Close
,MSFT,MSFT,MSFT,MSFT,MSFT,
2021-01-04,210.0020294189453,215.12449830133912,207.22373522378638,214.67109571477062,37130100,210.0020294189453
2021-01-05,210.20460510253906,210.80271909929093,208.08230357575826,209.5872080271136,23823000,210.20460510253906
2021-01-06,204.75413513183594,208.84439971467242,204.45508551109228,204.6769586619817,35930700,204.75413513183594
2021-01-07,210.58082580566406,211.59374676648795,206.1625868380979,206.48091954701593,27694500,210.58082580566406
2021-01-08,211.86380004882812,212.78990274892044,209.36527314573235,210.9569951416281,22956200,211.86380004882812
2021-01-11,209.80906677246094,211.1789158833176,209.07589772728036,210.75445269292996,23031300,209.80906677246094
2021-01-12,207.33949279785156,209.4328697056975,205.78636593059068,208.85405350778225,23249300,207.33949279785156
2021-01-13,208.69970703125,209.10487249439277,206.37481534806392,206.46164808437925,20087100,208.69970703125
2021-01-14,205.49693298339844,209.78013111431568,205.22682271567444,208.28486838376134,29480800,205.49693298339844
2021-01-15,205.1400146484375,206.93432719678094,204.54191537229212,205.97929960679494,31746500,205.1400146484375
2021-01-19,208.7961883544922,209.31711119042717,205.1207450034432,206.20118627495768,30480900,208.7961883544922
2021-01-20,216.41714477539062,217.81593324197758,209.61612152485435,210.01164538751647,37777300,216.41714477539062
2021-01-21,217.02490234375,218.30793348539314,214.5649558607472,216.76443361216235,30709400,217.02490234375
2021-01-22,217.9702911376953,221.9447982112566,217.82559446264705,219.06038848941193,30172700,217.9702911376953
2021-01-25,221.42388916015625,221.66506012946064,216.3014201273162,221.02836523771916,33152100,221.42388916015625
2021-01-26,224.125,225.90965628548417,221.95446134366796,223.67159741419584,49169600,224.125
2021-01-27,224.6748504638672,231.94857453738325,222.01232848295177,229.59474371719836,69870600,224.6748504638672
2021-01-28,230.49188232421875,234.07086552904022,226.787500240888,227.28913991464296,49111200,230.49188232421875
2021-01-29,223.76806640625,229.61404802749493,223.17960868451274,227.65574104136587,42503100,223.76806640625
2021-02-01,231.1864471435547,233.93580162796925,224.22142952161613,226.7585524104665,33314200,231.1864471435547
2021-02-02,231.05140686035156,233.75252438846982,230.26037381506274,232.77819906978667,25916300,231.05140686035156
2021-02-03,234.41812133789062,236.43430658534493,230.81019927410088,231.10926356316074,27158100,234.41812133789062
2021-02-04,233.463134765625,234.64970650721565,231.88105383007826,234.09018810416885,25296100,233.463134765625
2021-02-05,233.64642333984375,234.6882836544842,231.9292872805032,233.6753626774804,18054800,233.64642333984375
2021-02-08,233.90689086914062,235.074150067436,232.30551216876293,234.56286881199966,22211900,233.90689086914062
2021-02-09,235.16098022460938,236.1160077909551,232.855386470844,233.32807212451993,23565000,235.16098022460938
2021-02-10,234.24453735351562,237.23504842887988,232.38268988590397,236.34754106148685,22186700,234.24453735351562
2021-02-11,235.85552978515625,236.49220985804178,233.59815867616126,236.13528158931294,15751100,235.85552978515625
2021-02-12,236.33787536621094,236.63692497119087,234.15768068749534,235.31529823447488,16561100,236.33787536621094
2021-02-16,235.09344482421875,237.4376341694884,234.3409926195413,236.37647607576025,26728500,235.09344482421875
2021-02-17,236.11831665039062,236.22467684396685,232.96621007846971,233.33363888424336,21653500,236.11831665039062
2021-02-18,235.72189331054688,235.85725949496413,232.88886718174032,233.7977607430308,16925600,235.72189331054688
2021-02-19,232.99522399902344,235.78958035764524,232.2313603771918,235.68322016044618,25262600,232.99522399902344
2021-02-22,226.7490234375,230.05583876789643,224.708852062903,229.56272223089456,36446900,226.7490234375
2021-02-23,225.5500946044922,227.05846512140025,221.16033450650593,222.70738951317625,30228700,225.5500946044922
2021-02-24,226.78770446777344,227.41618718695392,221.42137560177235,222.39794491641797,26339700,226.78770446777344
2021-02-25,221.4117431640625,226.8264062711417,220.3384772391073,224.39947825786928,39542200,221.4117431640625
2021-02-26,224.68954467773438,227.5805831932529,221.9435213576159,223.86766895538668,37819200,224.68954467773438
2021-03-01,229.09861755371094,229.6110763466161,225.43403703032263,228.09302745735494,25324000,229.09861755371094
2021-03-02,226.13018798828125,229.44668157548566,225.72408944258817,229.16627071410718,22812500,226.13018798828125
2021-03-03,220.02906799316406,225.84984468324723,219.7389933201918,224.47684030191002,34029500,220.02906799316406
2021-03-04,219.2264862060547,224.79587148910286,216.83822837187682,219.23616470377033,44727800,219.2264862060547
2021-03-05,223.93533325195312,225.55006376420437,218.96543927137483,221.92416791979974,41872800,223.93533325195312
2021-03-08,219.86465454101562,225.64674565461442,219.61326440696627,223.71293453599736,35267400,219.86465454101562
2021-03-09,226.04319763183594,227.5902525456764,224.0030261566908,225.17298846393138,33080500,226.04319763183594
2021-03-10,224.72817993164062,229.1566089983526,224.3607511116063,229.1566089983526,29746800,224.72817993164062
2021-03-11,229.28233337402344,231.25481433839158,226.55565245589904,227.18414995839444,29907600,229.28233337402344
2021-03-12,227.947998046875,228.01568852154853,225.51139177337745,226.2655769704919,22653700,227.947998046875
2021-03-15,227.0391082763672,227.40653713643047,224.13839139075358,227.18415297293328,26034900,227.0391082763672
2021-03-16,229.84310913085938,232.11532816634644,228.1316822928339,228.46042661653397,28092200,229.84310913085938
2021-03-17,229.19534301757812,230.65538020959136,225.5114343014488,228.33479745069704,29562100,229.19534301757812
2021-03-18,223.08448791503906,226.43965192894967,222.70739527605423,224.8635908910798,34833000,223.08448791503906
2021-03-19,222.7267303466797,224.77656567678991,221.75982466209032,223.37455538489735,46430700,222.7267303466797
2021-03-22,228.18003845214844,229.05991126043418,222.5236352716156,222.64933771014526,30127000,228.18003845214844
2021-03-23,229.7174072265625,233.07257044463407,229.224290739875,229.6303892737012,31638400,229.7174072265625
2021-03-24,227.66761779785156,230.12355173222502,227.53225159286734,229.97852178181688,25620100,227.66761779785156
2021-03-25,224.65084838867188,229.09862014573517,223.9063416834218,227.51289551782554,34061900,224.65084838867188
2021-03-26,228.6538543701172,228.8762533024649,223.88701638085823,223.88701638085823,25479900,228.6538543701172
2021-03-29,227.45489501953125,228.96326550344105,224.2060913796449,228.76020882115643,25227500,227.45489501953125
2021-03-30,224.1770782470703,226.11088952458203,223.45189901800342,225.80147263835175,24792000,224.1770782470703
2021-03-31,227.9673309326172,231.187128259121,224.6991853767324,225.20198040543963,43623500,227.9673309326172
2021-04-01,234.32955932617188,234.8033335898547,230.17186262783048,230.57796117690464,30338000,234.32955932617188
2021-04-05,240.8271942138672,241.6877396410895,234.66799527040416,234.72600724804468,36910600,240.8271942138672
2021-04-06,239.65721130371094,241.14623936581128,238.70964799146523,239.41548491511094,22931900,239.65721130371094
2021-04-07,241.6297149658203,242.62562660061505,239.00940892803152,239.6088857071637,22719800,241.6297149658203
2021-04-08,244.8688201904297,245.72936550341456,243.6601883040011,244.40470967710712,23625200,244.8688201904297
2021-04-09,247.38284301757812,247.51820923296117,244.08569085612123,244.5014532484366,24326800,247.38284301757812
2021-04-12,247.44082641601562,249.1425897885859,246.19350987554677,246.28054259623266,27148700,247.44082641601562
2021-04-13,249.93544006347656,250.61228584329,248.33037309194663,248.74616496060787,23837500,249.93544006347656
2021-04-14,247.1313934326172,250.26415806660793,246.71563111541306,248.95885914085616,23070900,247.1313934326172
2021-04-15,250.9119873046875,251.32774960452076,249.2005751238479,249.39393852702798,25627500,250.9119873046875
2021-04-16,252.1109619140625,252.3623668176979,249.07489361125147,250.8830023994161,24878600,252.1109619140625
2021-04-19,250.1771240234375,252.82646520516678,249.28758747207132,251.57914882611817,23209300,250.1771240234375
2021-04-20,249.71304321289062,251.58884238878173,248.3400243131991,249.28760239933078,19722900,249.71304321289062
2021-04-21,251.95626831054688,252.05296477976358,248.73648538972924,250.37055834434713,24030400,251.95626831054688
2021-04-22,248.65911865234375,253.11653917054838,247.17973955535945,251.59849034240358,25606200,248.65911865234375
2021-04-23,252.50741577148438,252.85551716485244,248.75581696222662,249.34564477879303,21462600,252.50741577148438
2021-04-26,252.89414978027344,253.7547099344064,251.5598448286297,253.00052474103498,19763300,252.89414978027344
2021-04-27,253.30023193359375,254.47985780954673,251.51145087883367,252.92312462952697,31014200,253.30023193359375
2021-04-28,246.13548278808594,248.04996646470292,244.5787642096817,247.60516865114695,46903100,246.13548278808594
2021-04-29,244.1533203125,247.6245225237297,240.75948707118079,247.00570354871914,40589000,244.1533203125
2021-04-30,243.83425903320312,244.70448296798347,241.339655446737,241.47502164719492,30945100,243.83425903320312
2021-05-03,243.52487182617188,245.9324723466982,242.80935629199922,245.0139001224866,19626600,243.52487182617188
2021-05-04,239.5895538330078,242.8963842678736,237.62673646753146,242.66432159148357,32756100,239.5895538330078
2021-05-05,238.31321716308594,241.2429398616624,237.6847344437271,240.81749904999444,21901300,238.31321716308594
2021-05-06,241.46531677246094,241.59101921408728,236.5921193344772,238.2938677763207,26491100,241.46531677246094
2021-05-07,244.10499572753906,245.88409850126487,242.85767923394673,243.80524259654717,27032900,244.10499572753906
2021-05-10,238.99969482421875,243.3991178076386,238.9416828547269,242.5675784860388,29299900,238.99969482421875
2021-05-11,238.08116149902344,238.43892660322572,234.54229821975156,236.45676717461123,33641600,238.08116149902344
2021-05-12,231.09043884277344,236.29239570195924,230.19122371487865,234.1555278301892,36684400,231.09043884277344
2021-05-13,234.98707580566406,237.4720303748559,233.4303571397704,233.79778600308975,29624300,234.98707580566406
2021-05-14,239.93760681152344,240.9335183497134,237.36564925626627,237.45266721502668,23901100,239.93760681152344
2021-05-17,237.06593322753906,238.42927380995854,235.46088097313097,238.3906040735072,24970200,237.06593322753906
2021-05-18,235.03543090820312,238.25522854433697,234.8613802164558,238.11986234133778,20168000,235.03543090820312
2021-05-19,235.61688232421875,235.72348812129565,231.23638816112967,231.92446802490932,25739800,235.61688232421875
2021-05-20,238.87319946289062,240.29783391960277,236.33406189770037,236.43098164099266,21800700,238.87319946289062
2021-05-21,237.60362243652344,240.66610284863518,237.18690008815358,239.92956310394896,21863100,237.60362243652344
2021-05-24,243.04051208496094,243.40878938683147,239.87142556782467,240.14278312039954,21411500,243.04051208496094
2021-05-25,243.9514923095703,244.94970356838164,243.07927376097604,243.99995218179816,17704300,243.9514923095703
2021-05-26,243.72857666015625,245.13382412382234,243.0114090525772,243.67041594504792,17771600,243.72857666015625
2021-05-27,241.6158447265625,243.7188728673477,241.5576988000328,243.4184423883606,24426200,241.6158447265625
2021-05-28,241.97442626953125,244.30036689523058,241.85813441400282,243.25369583184727,18270200,241.97442626953125
2021-06-01,239.76480102539062,243.53474828754858,239.33839261028746,243.47660235766526,23213300,239.76480102539062
2021-06-02,239.6678924560547,241.57709599376332,238.25294410277462,240.4722789790177,19406700,239.6678924560547
2021-06-03,238.12698364257812,238.73753072977723,235.50061228288084,237.65210054108795,25307700,238.12698364257812
2021-06-04,243.0501708984375,243.8836303701646,239.871398677868,240.1136832360692,25281100,243.0501708984375
2021-06-07,245.9769744873047,246.24833201164998,242.10042152479943,242.2651732511608,23079200,245.9769744873047
2021-06-08,244.7752685546875,248.1091066867152,244.71710783462723,247.28533321311315,22455000,244.7752685546875
2021-06-09,245.76377868652344,247.64390936023426,245.39551618717297,245.97699029619437,17937600,245.76377868652344
2021-06-10,249.30111694335938,249.51432854393602,245.84130103923167,246.44216202928786,24563600,249.30111694335938
2021-06-11,249.93106079101562,250.51252004156663,248.6905355211727,250.0279509489406,18999700,249.93106079101562
2021-06-14,251.86935424804688,251.92750017704654,248.87469102580323,249.94074901705073,19150500,251.86935424804688
2021-06-15,250.38656616210938,251.9662663810869,249.727559192154,251.75305476424782,18038900,250.38656616210938
2021-06-16,249.4368133544922,252.53803808161632,246.5681575606938,251.39446201803466,27220000,249.4368133544922
2021-06-17,252.84814453125,253.6719178970686,248.10907422385236,248.1672201484278,27565500,252.84814453125
2021-06-18,251.4235382080078,254.20496035415408,250.76453127231352,251.61737769533121,37202200,251.4235382080078
2021-06-21,254.52479553222656,255.38731323668682,249.96016243709636,251.8015192852255,26696100,254.52479553222656
2021-06-22,257.31585693359375,257.5872144085859,254.30182217403268,254.61195345280842,24694100,257.31585693359375
2021-06-23,257.08331298828125,258.5951664101783,256.26924034385627,257.7810937657533,19518700,257.08331298828125
2021-06-24,258.45953369140625,259.5837378342105,257.2771836080912,257.94589149972273,21446900,258.45953369140625
2021-06-25,256.8409423828125,259.00213077235315,256.5889866140539,258.0136206585818,25611100,256.8409423828125
2021-06-28,260.42681884765625,260.6012566258516,257.7035428658539,257.974900379408,19590000,260.42681884765625
2021-06-29,263.0240783691406,263.2663628977739,259.7096425798563,260.5721601224017,19937800,263.0240783691406
2021-06-30,262.5395812988281,262.98537667253856,261.27971323478516,262.3360705201841,21656500,262.5395812988281
2021-07-01,263.21795654296875,263.45054026043147,261.27968002877276,261.28935129983205,16725300,263.21795654296875
2021-07-02,269.08123779296875,269.42044210645486,264.0901815611833,264.4003129092707,26458000,269.08123779296875
2021-07-06,269.0909118652344,270.7481298795678,265.83459218582897,269.44948826138983,31565600,269.0909118652344
2021-07-07,271.2908935546875,272.0274481712752,268.5966901015052,270.77725140779233,23260000,271.2908935546875
2021-07-08,268.8583679199219,270.12793676331876,266.3870474385027,268.35439706096736,24618600,268.8583679199219
2021-07-09,269.3623352050781,269.4689262350666,266.8231972731775,267.21084672657895,23916700,269.3623352050781
2021-07-12,268.761474609375,271.13584600066656,268.04429206472025,270.54468575890155,18931700,268.761474609375
2021-07-13,272.3084716796875,274.12075544543404,268.82926896816707,268.95523209497554,26120100,272.3084716796875
2021-07-14,273.7912902832031,274.90579349318665,271.89175778408145,273.63622459496327,23113700,273.7912902832031
2021-07-15,272.35693359375,273.7912689162148,271.19395581058893,273.2969989220083,22604200,272.35693359375
2021-07-16,272.0855712890625,275.3321904324174,270.8353746304237,273.3648409129834,26186800,272.0855712890625
2021-07-19,268.46099853515625,271.71728888837185,265.9800069586817,270.32172742963587,32935600,268.46099853515625
2021-07-20,270.6997985839844,272.2988713454449,267.734236858872,269.4496015192369,26259700,270.6997985839844
2021-07-21,272.7155456542969,272.831837532653,268.7324009418103,270.2926996026849,24364300,272.7155456542969
2021-07-22,277.3092346191406,277.58059214764467,274.6731773812075,275.0801988860873,23384100,277.3092346191406
2021-07-23,280.7303161621094,281.04041795355755,277.6581346087778,278.5012802330606,22768100,280.7303161621094
2021-07-26,280.1294860839844,280.74974895243133,277.7938882048477,280.08104098678257,23176100,280.1294860839844
2021-07-27,277.6969299316406,280.64308942099046,274.21772656817114,280.49772457377867,33604100,277.6969299316406
2021-07-28,277.3867492675781,281.19545546676426,275.0704946690018,280.0712515550925,33566900,277.3867492675781
2021-07-29,277.6581115722656,279.71267995195393,277.2510604896139,277.40612616035014,18168300,277.6581115722656
2021-07-30,276.1171875,277.8131794690923,275.14804923194725,276.3691729139346,20944800,276.1171875
2021-08-02,276.030029296875,277.9198315896451,274.9833431748171,277.522481263286,16267400,276.030029296875
2021-08-03,278.2589111328125,278.3655316972978,275.23520516035336,276.61139419948336,17879000,278.2589111328125
2021-08-04,277.6678466796875,278.71450311661016,275.8652339137432,277.38678826831455,16191300,277.6678466796875
2021-08-05,280.5849304199219,280.69155102008517,277.2704937547623,278.02642050082994,13900200,280.5849304199219
2021-08-06,280.5267639160156,280.56553772921,278.7435529938738,279.60610027686425,16589300,280.5267639160156
2021-08-09,279.4316101074219,282.55223636050647,278.9276688800252,280.80779939388214,16117600,279.4316101074219
2021-08-10,277.59991455078125,280.32319019491234,276.39819279344147,279.88706622775015,18616600,277.59991455078125
2021-08-11,278.09417724609375,279.75139504211427,277.0377907374602,278.3461330293697,13955900,278.09417724609375
2021-08-12,280.865966796875,281.0210324731041,277.50305573152406,277.784114118174,14561300,280.865966796875
2021-08-13,283.8121337890625,283.86057886978705,280.3716753608308,280.54614271809214,18249000,283.8121337890625
2021-08-16,285.5080871582031,285.72129872098003,281.0694181446876,284.141598902553,22507600,285.5080871582031
2021-08-17,284.03509521484375,284.37429960099286,282.09681823771683,283.3664168674337,20075300,284.03509521484375
2021-08-18,282.2969665527344,286.26832663173434,281.85028818269654,283.5689657375722,21813000,282.2969665527344
2021-08-19,288.1617126464844,288.8414199077273,280.26756086704006,280.3160986861139,29850500,288.1617126464844
2021-08-20,295.5316467285156,296.9687281617422,289.4143978901869,291.02625108853647,40817600,295.5316467285156
2021-08-23,295.813232421875,296.5414777156917,293.09446184457664,294.45384713322585,22830200,295.813232421875
2021-08-24,293.84210205078125,296.7842117093817,293.2400907116923,296.17248095115406,18175800,293.84210205078125
2021-08-25,293.2497863769531,295.75493682464673,291.70591011010885,295.4733403838141,20006100,293.2497863769531
2021-08-26,290.4144592285156,293.6575741510151,290.2785355394526,292.2593410592059,17666100,290.4144592285156
2021-08-27,291.0262451171875,292.1428819923992,288.2200589833195,290.3174090188955,22605700,291.0262451171875
2021-08-30,294.78399658203125,295.39572740143205,292.3273835166958,292.38564077260276,16348100,294.78399658203125
2021-08-31,293.1235656738281,295.6675642771677,292.7545833483286,295.58989782397674,26285300,293.1235656738281
2021-09-01,293.0749816894531,296.3375355546533,292.7448474253484,294.0848233182499,18983800,293.0749816894531
2021-09-02,292.4147644042969,294.5606523132115,291.47289927339045,293.4343256300039,16285600,292.4147644042969
2021-09-03,292.4050598144531,293.8227023328315,291.5505806091698,292.25938705217084,14747900,292.4050598144531
2021-09-07,291.4728698730469,292.3564776599139,289.5503213901356,292.27881120532527,17180400,291.4728698730469
2021-09-08,291.5019226074219,291.89031404400026,288.84141015287423,291.08440255390923,15046800,291.5019226074219
2021-09-09,288.6278381347656,293.3760109065936,288.3850897427263,292.0942922848566,19927000,288.6278381347656
2021-09-10,287.13250732421875,291.2204116894065,286.81209247651026,289.76392129871317,19633400,287.13250732421875
2021-09-13,288.37530517578125,289.8803626458302,285.54971097490875,288.91905908051626,23652900,288.37530517578125
2021-09-14,291.09417724609375,292.6477729197862,289.45319570500504,290.870838052277,21853400,291.09417724609375
2021-09-15,295.9783020019531,296.4637988441718,293.06532094864116,294.46355422482094,28356300,295.9783020019531
2021-09-16,296.36669921875,296.454085096136,292.0360756003799,294.94905670941716,19550800,296.36669921875
2021-09-17,291.171875,295.66758055553856,290.84174069910716,295.34716567397015,41372500,291.171875
2021-09-20,285.763427734375,290.0552328316619,281.12207913636246,287.7345437164679,38278700,285.763427734375
2021-09-21,286.2489013671875,288.90944398064477,285.5400950040545,287.1130998945458,22364100,286.2489013671875
2021-09-22,289.9192810058594,291.5117248704752,285.9673592342835,288.12296639713196,26626300,289.9192810058594
2021-09-23,290.8708801269531,292.1720081725724,288.899764035342,290.18148287396775,18604600,290.8708801269531
2021-09-24,290.6669921875,291.10392160639424,288.31717421605936,289.5794839017477,14999000,290.6669921875
2021-09-27,285.63720703125,287.87048051053665,284.44287420766045,287.55006565328637,23571700,285.63720703125
2021-09-28,275.29608154296875,282.34550422174806,274.54842717463856,281.3939198719329,43186200,275.29608154296875
2021-09-29,275.76220703125,278.45184887583616,274.80093276374777,276.8303060131279,26353700,275.76220703125
2021-09-30,273.7425231933594,279.48106917638046,273.45120733984913,277.42256752734704,32343600,273.7425231933594
2021-10-01,280.71429443359375,281.56877366071757,273.1308357414354,273.9367475024316,30086300,280.71429443359375
2021-10-04,274.8980407714844,279.4034662315667,272.12101272422785,279.06361247474837,31350700,274.8980407714844
2021-10-05,280.3841552734375,281.9765695608801,275.810753529912,275.810753529912,24993000,280.3841552734375
2021-10-06,284.60791015625,285.11284577573076,277.22838275407764,277.4905403494736,28002600,284.60791015625
2021-10-07,286.29742431640625,288.03551088688977,285.3944075207552,286.6178391162808,20430500,286.29742431640625
2021-10-08,286.29742431640625,288.03551088688977,285.23904501305685,287.6276806001356,17685700,286.29742431640625
2021-10-11,285.6954650878906,289.3269717647659,284.2583838545495,284.42346580912283,19298600,285.6954650878906
2021-10-12,284.3846740722656,286.87041587501443,283.8700485341742,286.77331056676746,17974100,284.3846740722656
2021-10-13,287.7151184082031,288.6569834089462,284.9769092762647,286.3557332608353,23416300,287.7151184082031
2021-10-14,293.9682922363281,294.4731982060417,289.19099101376537,290.53096683103433,27262900,293.9682922363281
2021-10-15,295.3859558105469,295.6190144253903,291.8029870432012,293.57020251326225,25384800,295.3859558105469
2021-10-18,298.3766174316406,299.2699149069707,293.9100411578753,294.7645202263626,22729300,298.3766174316406
2021-10-19,299.2893371582031,300.3282776825518,298.3086242408921,299.4058516370183,17682100,299.2893371582031
2021-10-20,298.4931945800781,300.7167785820507,297.2308849157698,300.24097149080916,16537100,298.4931945800781
2021-10-21,301.7460021972656,301.99844040130466,297.4736063458333,298.26013847986417,16918100,301.7460021972656
2021-10-22,300.1923522949219,302.0663626274096,298.8717857336601,301.396374745661,17449300,300.1923522949219
2021-10-25,299.1922912597656,300.42544258178543,297.57071875478204,300.38659453701393,17554500,299.1922912597656
2021-10-26,301.11480712890625,303.3383907408495,299.6486269621218,301.9790056451273,28107300,301.11480712890625
2021-10-27,313.79608154296875,316.6410862847696,306.8340429108274,306.8340429108274,52588700,313.79608154296875
2021-10-28,314.9418029785156,315.44670901956124,312.03851175347165,314.92236414038393,26297900,314.9418029785156
2021-10-29,322.0008850097656,322.36986730991435,314.504813415939,314.728152606127,34766000,322.0008850097656
2021-11-01,319.8161315917969,321.874633117205,316.90315102587124,321.7483992181689,27073200,319.8161315917969
2021-11-02,323.46710205078125,323.7778271139183,320.4278873477877,320.7288929925852,26487100,323.46710205078125
2021-11-03,324.31182861328125,325.1857168357652,321.05899446568606,324.21472333692304,21500100,324.31182861328125
2021-11-04,326.68109130859375,326.77819659570866,319.9521127279951,323.2340758588148,23992200,326.68109130859375
2021-11-05,326.31207275390625,328.9628956726154,324.7196588251079,328.6910186783147,22570100,326.31207275390625
2021-11-08,327.2151184082031,327.8559777295639,324.7390966218129,327.51612404867024,20897000,327.2151184082031
2021-11-09,326.2053527832031,328.89499472568826,324.82652865961444,327.33167942431567,21307400,326.2053527832031
2021-11-10,321.2046813964844,324.92360359867104,320.3502318920936,324.8653463513802,25500900,321.2046813964844
2021-11-11,322.78741455078125,324.0885424963487,320.9231233219346,321.6416491463469,16849800,322.78741455078125
2021-11-12,326.9529113769531,327.44812751230967,324.10790771757166,324.2341416055934,23831000,326.9529113769531
2021-11-15,326.3218994140625,328.0793958534437,324.3410637289619,327.74926151132354,16723000,326.3218994140625
2021-11-16,329.662109375,330.7884657213054,325.77813423562105,325.9431865849126,20886800,329.662109375
2021-11-17,329.88580322265625,332.8722146599983,328.79630542199965,329.71071172324827,19053400,329.88580322265625
2021-11-18,331.9772644042969,333.12515576385437,327.94027414614027,328.9714081488524,22463500,331.9772644042969
2021-11-19,333.76708984375,335.7029222691092,332.8818952960747,333.3099164573995,21963400,333.76708984375
2021-11-22,330.5764465332031,340.1485303404113,330.3040720955403,335.23602357528745,31031100,330.5764465332031
2021-11-23,328.4849853515625,330.20680734992084,324.4771774711079,327.87213546649167,30427600,328.4849853515625
2021-11-24,328.7087097167969,328.95190221343387,324.8176297706052,327.1230898888703,21661300,328.7087097167969
2021-11-26,320.7029113769531,328.72826650204206,319.1853920555002,325.24576182501403,24217200,320.7029113769531
2021-11-29,327.463623046875,329.7982654888247,325.6250731986389,325.81963910488025,28563500,327.463623046875
2021-11-30,321.58807373046875,328.5822933404473,320.0316355850728,326.18928713277177,42885600,321.58807373046875
2021-12-01,321.0918884277344,330.0413837418562,320.42070448142874,326.004394432012,33337600,321.0918884277344
2021-12-02,320.51800537109375,324.40908570580257,318.87402155475235,321.3059467639453,30766000,320.51800537109375
2021-12-03,314.2144470214844,323.64059069106463,309.37004173706174,322.9499026171155,41779300,314.2144470214844
2021-12-06,317.307861328125,318.5335610767089,310.53739017038447,315.12886594094084,30032600,317.307861328125
2021-12-07,325.80010986328125,326.65612244352707,321.1113517932559,322.6094257602038,31021900,325.80010986328125
2021-12-08,325.8487854003906,326.36435234032024,321.7923212227663,326.17952365557323,24761000,325.8487854003906
2021-12-09,324.0296936035156,327.3273684732717,323.0763683143852,325.30401993120887,22214200,324.0296936035156
2021-12-10,333.2126770019531,333.6601429338765,325.67370875782035,325.8585374509906,38095700,333.2126770019531
2021-12-13,330.1581115722656,334.4285858567901,329.846818066805,331.40325590752553,28899400,330.1581115722656
2021-12-14,319.39935302734375,325.52782289057154,315.28452453431606,324.14647619151833,44438700,319.39935302734375
2021-12-15,325.5374450683594,326.06274913300945,315.66383640024435,319.66190648845094,35381100,325.5374450683594
2021-12-16,316.05303955078125,327.59010983388094,314.22422678148183,326.56868328766177,35034800,316.05303955078125
2021-12-17,314.98291015625,316.0724374792518,308.6112786111731,312.14243841653024,47750300,314.98291015625
2021-12-20,311.19891357421875,314.01020397300255,308.9226349027698,311.3350859631481,28326500,311.19891357421875
2021-12-21,318.3778991699219,318.80592034156524,311.0918317389369,314.48681919977093,24740600,318.3778991699219
2021-12-22,324.1270446777344,324.52585433819615,316.8798947647335,319.3604469166515,24831500,324.1270446777344
2021-12-23,325.576416015625,327.2301370037353,323.66979499703837,323.6892397112023,19617800,325.576416015625
2021-12-27,333.1250915527344,333.1542734646734,326.29622729316515,326.32540920510417,19947000,333.1250915527344
2021-12-28,331.957763671875,334.44805250573944,331.0530946934616,333.8060207410828,15661500,331.957763671875
2021-12-29,332.6387634277344,334.9247495224456,330.4305561960451,332.00643908331915,15042000,332.6387634277344
2021-12-30,330.0802917480469,333.7865427163204,329.59390679487103,332.59976224310805,15994500,330.0802917480469
2021-12-31,327.1620178222656,330.1192172867695,326.7048147287966,329.29238652517614,18000800,327.1620178222656
2022-01-03,325.634765625,328.79626820388347,320.80009741690554,326.21843357688016,28865100,325.634765625
2022-01-04,320.0511169433594,326.07256655416444,317.239796956852,325.7126166614886,32674300,320.0511169433594
2022-01-05,307.7649841308594,317.19112801347296,307.37588205960316,316.9868249346307,40054300,307.7649841308594
2022-01-06,305.33306884765625,310.02182762578025,303.00813417247446,304.6229360221158,39646100,305.33306884765625
2022-01-07,305.4886779785156,307.88168370072367,301.646224869703,305.59566842155346,32720000,305.4886779785156
2022-01-10,305.71246337890625,306.15022181964656,296.393338433709,301.0626232641906,44289500,305.71246337890625
2022-01-11,306.4031677246094,307.98875821098284,301.4517709780265,304.8467294701286,29386800,306.4031677246094
2022-01-12,309.603515625,314.60356797191446,308.4459168812307,310.96541745526014,34372200,309.603515625
2022-01-13,296.5002746582031,312.1424323832411,295.72207055768473,311.7435931335858,45366000,296.5002746582031
2022-01-14,301.7532958984375,302.3564086085924,295.4789168995165,295.96530194791075,39846400,301.7532958984375
2022-01-18,294.4087829589844,301.36408130254927,293.5235588517555,295.79012917896046,42333200,294.4087829589844
2022-01-19,295.0703430175781,305.3622673575025,294.4575227878917,297.9497639039901,45933900,295.0703430175781
2022-01-20,293.387451171875,303.1637782382463,292.9399852639337,300.6540445871307,35380700,293.387451171875
2022-01-21,287.9691162109375,295.82908513910786,287.56053972855347,294.44776829500927,57984400,287.9691162109375
2022-01-24,288.29986572265625,289.01970608679983,268.5331704445488,284.2434310873334,85731500,288.29986572265625
2022-01-25,280.6344299316406,286.9574354302845,277.40485583875466,283.5819220766219,72848600,280.6344299316406
2022-01-26,288.630615234375,300.09958331074847,285.05082830215923,299.60346104770645,90428900,288.630615234375
2022-01-27,291.6753845214844,298.93224118758064,289.8173900598136,294.4186033404908,53481300,291.6753845214844
2022-01-28,299.8660888671875,300.0800994540567,286.432137579411,292.0547469763375,49743700,299.8660888671875
2022-01-31,302.5120849609375,303.8739572922646,298.0275989393004,300.5373626588656,46444500,302.5120849609375
2022-02-01,300.3525390625,302.1716146024577,296.82137845595116,301.9576039691338,40950400,300.3525390625
2022-02-02,304.9244689941406,306.539270720024,300.4691955569609,301.1987730404669,36636000,304.9244689941406
2022-02-03,293.0469970703125,302.7552535027513,291.79211531003233,301.06261331619567,43730000,293.0469970703125
2022-02-04,297.6092834472656,300.3913916526521,291.8018448276198,292.0353001493062,35096500,297.6092834472656
2022-02-07,292.7551574707031,299.4575276563962,291.73373110957107,297.8330183026639,28533300,292.7551574707031
2022-02-08,296.2668762207031,297.2396463763231,291.7824200528577,293.04700938052804,32421200,296.2668762207031
2022-02-09,302.7357482910156,303.436143889823,299.0197893926343,301.4322400322935,31284700,302.7357482910156
2022-02-10,294.1462097167969,300.7026702927466,292.5119631728677,295.76101154707897,45386200,294.1462097167969
2022-02-11,287.0060729980469,296.0041956198733,286.20839446246674,294.9341426680689,39175600,287.0060729980469
2022-02-14,286.96722412109375,288.6793092630172,283.41661864132067,285.77070602487333,36359500,286.96722412109375
2022-02-15,292.2882385253906,292.60923960221265,288.9321697438567,291.84077258338215,27058300,292.2882385253906
2022-02-16,291.9470520019531,293.2824978641233,286.27381667328723,290.8455441746245,29982100,291.9470520019531
2022-02-17,283.398193359375,289.31509356138463,282.6865922626873,288.88618738639013,32461600,283.398193359375
2022-02-18,280.66888427734375,286.44933254748446,279.0897427025105,285.65976176006785,34264000,280.66888427734375
2022-02-22,280.4640808105469,284.18775256896157,277.3252837900346,277.8126744469591,41736100,280.4640808105469
2022-02-23,273.20196533203125,284.34373905959274,273.03626915710015,282.86205233051413,37811200,273.20196533203125
2022-02-24,287.1609191894531,287.7165518626673,264.6726996596511,265.6377537099638,56989700,287.1609191894531
2022-02-25,289.812255859375,290.1241930471081,284.2949895617122,287.696996878739,32546700,289.812255859375
2022-02-28,291.2549743652344,291.59615384176226,285.6109811188131,286.8879425112131,34627500,291.2549743652344
2022-03-01,287.5118103027344,292.40520263800084,284.7824043016217,288.9252256042664,31217800,287.5118103027344
2022-03-02,292.6196594238281,293.8673785477649,286.29333703933276,287.91144814315027,31873000,292.6196594238281
2022-03-03,288.4573669433594,295.4855335304221,286.6345004718667,295.2515954797372,27314500,288.4573669433594
2022-03-04,282.5501403808594,288.20389071093314,279.92800561542646,286.8684448672686,32356500,282.5501403808594
2022-03-07,271.8763122558594,282.3844556560814,271.5058905254741,281.25370554415764,43157200,271.8763122558594
2022-03-08,268.8934631347656,276.79892624479913,263.1909858256169,270.7942690725029,48159500,268.8934631347656
2022-03-09,281.2244567871094,282.29672236396794,273.6991425767522,276.2920648815301,35204500,281.2244567871094
2022-03-10,278.38787841796875,279.3724173704505,273.5042129976453,275.8826825228667,30628000,278.38787841796875
2022-03-11,273.00701904296875,282.20895734014323,272.38314470175277,280.6980284032416,27209300,273.00701904296875
2022-03-14,269.4686279296875,278.202662737741,268.86426809726044,273.27027022073963,30660700,269.4686279296875
2022-03-15,279.9085388183594,280.56165559889956,271.7008941610274,273.28003564033486,34245100,279.9085388183594
2022-03-16,286.9659423828125,287.1413959147173,276.0581349298359,281.81906746317213,37826300,286.9659423828125
2022-03-17,287.7750244140625,288.1551737681547,282.0725461188908,285.8937030703345,30816600,287.7750244140625
2022-03-18,292.8536071777344,293.4092397879423,285.3478072645001,287.92121502824654,43390600,292.8536071777344
2022-03-21,291.6156311035156,292.57092766310933,287.4630524796933,291.3524508132056,28351200,291.6156311035156
2022-03-22,296.39202880859375,297.3083257004259,291.23542689570303,292.2394505433956,27599700,296.39202880859375
2022-03-23,291.937255859375,295.58295832284585,290.2119035858375,292.93155187121516,25715400,291.937255859375
2022-03-24,296.4310607910156,296.5285448908371,290.79682489779265,291.59615286917006,24484500,296.4310607910156
2022-03-25,296.0216369628906,297.7957464215104,291.74236167311045,297.53256612739574,22566500,296.0216369628906
2022-03-28,302.8646240234375,302.9620783750849,296.65524087861996,296.65524087861996,29578200,302.8646240234375
2022-03-29,307.4557800292969,307.8554439406665,301.2561553587359,305.9936080477829,30393400,307.4557800292969
2022-03-30,305.9449157714844,307.9822353410379,303.72241507994283,305.84746141716585,28163600,305.9449157714844
2022-03-31,300.53485107421875,307.19262469552484,300.1254595450532,305.98387553082625,33422100,300.53485107421875
2022-04-01,301.6169128417969,302.30899939577387,297.8347557615202,301.5681559167176,27110500,301.6169128417969
2022-04-04,307.0268859863281,307.1633399077133,301.8995265160975,302.26994819237575,24289600,307.0268859863281
2022-04-05,303.04010009765625,306.92946905359616,302.0555611898227,305.3698125875941,23156700,303.04010009765625
2022-04-06,291.9470520019531,299.25791307044943,289.2274033550409,297.4935609790899,40110400,291.9470520019531
2022-04-07,293.76995849609375,295.9924595997777,288.8765650326078,289.17874498216304,31411200,293.76995849609375
2022-04-08,289.4808654785156,293.52620278513484,288.80826385848826,292.8633584995333,24361900,289.4808654785156
2022-04-11,278.066162109375,285.2307818696367,277.81270941652224,284.4314837001225,34569300,278.066162109375
2022-04-12,274.9468688964844,283.4079652196335,273.4164547942549,281.945792962261,30966700,274.9468688964844
2022-04-13,280.36663818359375,281.30242005382,274.20601222966815,275.5999723230315,21907200,280.36663818359375
2022-04-14,272.7730407714844,281.0391969860149,272.27592253221314,280.824743907988,28221600,272.7730407714844
2022-04-18,273.4456787109375,275.3367570834857,271.32066231224934,271.87629487230055,20778000,273.4456787109375
2022-04-19,278.10516357421875,278.9532485087538,271.3889341815737,272.3344734724712,22297700,278.10516357421875
2022-04-20,279.138427734375,282.39422425874454,278.17340352836885,282.101771947732,22906700,279.138427734375
2022-04-21,273.72845458984375,285.90346885009757,272.9973682940307,281.302497905195,29454600,273.72845458984375
2022-04-22,267.11944580078125,276.05820767252413,266.48584360329835,274.57652035141854,29405800,267.11944580078125
2022-04-25,273.6405944824219,274.0207437020821,263.9415091176467,266.3979769134573,35678900,273.6405944824219
2022-04-26,263.4054870605469,271.34019387339646,263.19103391706585,270.5018959703177,46518400,263.4054870605469
2022-04-27,276.0776062011719,283.63216251371057,272.11999585469886,274.9858557260027,63477700,276.0776062011719
2022-04-28,282.325927734375,283.6418885091446,274.3619509995726,277.9978961517353,33646600,282.325927734375
2022-04-29,270.5213317871094,282.5696457327582,269.52706543762076,281.3316542777626,37073900,270.5213317871094
2022-05-02,277.29608154296875,277.75423001648835,269.25413454359216,270.7065493914021,35151100,277.29608154296875
2022-05-03,274.6739501953125,276.9646928393328,273.08505147312025,276.79896688296844,25978600,274.6739501953125
2022-05-04,282.6671142578125,283.5444115470414,269.75126101959535,275.4634656066809,33599300,282.6671142578125
2022-05-05,270.3555908203125,279.12862223850783,267.42148968221215,278.33905179070734,43260400,270.3555908203125
2022-05-06,267.8016662597656,272.2076668455458,264.4289016817492,267.8796356714591,37780300,267.8016662597656
2022-05-09,257.90765380859375,265.4914520308154,256.67944945375484,263.2494666744855,47726000,257.90765380859375
2022-05-10,262.7035827636719,266.84640364213425,258.38530837575144,264.83835637264633,39336400,262.7035827636719
2022-05-11,253.9792938232422,264.5166788733009,252.76081701589987,258.97992740025,48975900,253.9792938232422
2022-05-12,248.91046142578125,253.32622042112627,243.71487425735856,251.1914465609955,51033800,248.91046142578125
2022-05-13,254.53494262695312,256.4065362115502,248.9104640346722,250.86002705080753,34925100,254.53494262695312
2022-05-16,254.9053497314453,259.1164127441504,249.32959863535496,253.40417796573698,32550900,254.9053497314453
2022-05-17,260.09112548828125,261.56302486354525,255.8410640107939,259.3990094215682,28828800,260.09112548828125
2022-05-18,248.2493438720703,257.55088195954716,246.9694082925234,256.9646448671213,31356000,248.2493438720703
2022-05-19,247.33090209960938,251.75696064928601,246.09982214872184,248.0734561306582,32692300,247.33090209960938
2022-05-20,246.76419067382812,252.60697094594747,240.78463865997372,251.3367857647458,39199300,246.76419067382812
2022-05-23,254.66856384277344,255.49906389536844,247.6142481517101,249.6269875262943,33175400,254.66856384277344
2022-05-24,253.66220092773438,255.33295127139317,247.68264827273939,251.97192028094892,29043900,253.66220092773438
2022-05-25,256.4956359863281,258.5083603731719,251.22934212125796,252.21617401226834,28547900,256.4956359863281
2022-05-26,259.79803466796875,260.9802588470213,255.4306124838442,256.25133231356045,25002100,259.79803466796875
2022-05-27,266.9696044921875,267.06731562839224,261.41995783588675,262.3188585448169,26910800,266.9696044921875
2022-05-31,265.631103515625,268.46454814999765,262.75856845520855,266.27596136768364,37827700,265.631103515625
2022-06-01,266.1684875488281,271.3175402469702,263.8430992924874,268.8846905955963,25292200,266.1684875488281
2022-06-02,268.2788391113281,268.3472398855621,255.5967272964254,258.3813305679757,44008200,268.2788391113281
2022-06-03,263.8235168457031,267.17482718772595,262.25047775674227,264.1068702171186,28059000,263.8235168457031
2022-06-06,262.5826110839844,267.88799398621154,261.0877233652008,265.8166494155831,22400300,262.5826110839844
2022-06-07,266.24658203125,266.86212935863284,259.83712541433647,260.52107351526206,22860700,266.24658203125
2022-06-08,264.20465087890625,266.73521213389995,263.4229913412699,265.47480662882936,17372300,264.20465087890625
2022-06-09,258.7135314941406,266.45176436523536,258.5571996419541,261.634906575168,26439700,258.7135314941406
2022-06-10,247.18434143066406,254.60014614141426,246.73489104071965,254.60014614141426,31422800,247.18434143066406
2022-06-13,236.70057678222656,243.30545685676884,235.98733310322459,239.4851805295695,46135800,236.70057678222656
2022-06-14,238.87940979003906,240.10072459035263,235.96778457187938,238.26386235992007,28651500,238.87940979003906
2022-06-15,245.98255920410156,249.44133097278552,240.76510609798785,242.61173342919113,33111700,245.98255920410156
2022-06-16,239.34840393066406,241.7421780918866,237.44315571698203,240.33522097758944,33169200,239.34840393066406
2022-06-17,241.96688842773438,244.75149220671116,238.42996544684556,239.08458840742492,43084800,241.96688842773438
2022-06-21,247.91714477539062,248.90396178868318,243.7842046658451,244.51699356218077,29928300,247.91714477539062
2022-06-22,247.32115173339844,251.26844975050005,244.62447895315725,246.1096020126648,25939900,247.32115173339844
2022-06-23,252.91961669921875,253.41792266280578,247.80965482657095,249.70513771941606,25861400,252.91961669921875
2022-06-24,261.5567932128906,261.8303665392892,255.7140123924243,255.80194348120352,33923200,261.5567932128906
2022-06-27,258.8113098144531,262.14303078226516,257.2382406428297,262.0550996833187,24615100,258.8113098144531
2022-06-28,250.59425354003906,260.78489654166776,250.43792167575154,257.9221419564602,27295500,250.59425354003906
2022-06-29,254.2875213623047,255.9582716594945,249.890773174673,251.67877983050323,20069800,254.2875213623047
2022-06-30,250.9362335205078,253.57428565271542,247.09642660004045,251.15118613733407,31730900,250.9362335205078
2022-07-01,253.62310791015625,253.80875014835922,248.7671738970016,250.50633991832885,22837700,253.62310791015625
2022-07-05,256.8180847167969,256.9451062280484,248.89419361754275,250.2816054554039,22941000,256.8180847167969
2022-07-06,260.1009826660156,261.8401338868576,256.378417244903,257.6974432972696,23824400,260.1009826660156
2022-07-07,262.2406921386719,262.88554989240333,258.9382523471021,259.03596348868336,20859900,262.2406921386719
2022-07-08,261.5177307128906,261.94763595988434,257.248018426269,258.7135963635859,19658800,261.5177307128906
2022-07-11,258.4399719238281,260.41360575508605,256.16342461352093,259.55379543105175,19455200,258.4399719238281
2022-07-12,247.8487548828125,259.8371859282168,246.25615550734784,259.77856519931385,35868500,247.8487548828125
2022-07-13,246.9205322265625,247.73148701005059,242.4163228297024,244.44859236387242,29497400,246.9205322265625
2022-07-14,248.2493438720703,249.28501648121124,240.2961421519958,244.81989713467624,25102800,248.2493438720703
2022-07-15,250.82875061035156,254.39498387786978,248.9235024960798,249.85169876625037,29774100,250.82875061035156
2022-07-18,248.41543579101562,254.85420398035012,247.48723950429894,253.78922102936602,20975000,248.41543579101562
2022-07-19,253.57424926757812,253.75989149262034,247.85849034611635,251.66898635467277,25012600,253.57424926757812
2022-07-20,256.2513732910156,258.7917140181286,252.96849344718146,253.93576521951553,22788300,256.2513732910156
2022-07-21,258.76239013671875,258.81126061612775,251.13161811146432,253.82829056890776,22404700,258.76239013671875
2022-07-22,254.38516235351562,259.24111041987675,253.12478714848862,259.153179346311,21881300,254.38516235351562
2022-07-25,252.89031982421875,255.49906141021802,250.9166858010749,255.01053548017936,21056000,252.89031982421875
2022-07-26,246.11936950683594,253.91625446198128,243.84285168222232,253.8966943407885,39348000,246.11936950683594
2022-07-27,262.5729064941406,263.85284204135934,252.9098791339182,255.1668665380829,45994000,262.5729064941406
2022-07-28,270.06689453125,271.4640714641904,261.72286372035086,263.5597258949392,33459300,270.06689453125
2022-07-29,274.29754638671875,275.528641347026,270.2818773091578,271.327330019347,32152800,274.29754638671875
2022-08-01,271.6301574707031,274.82510585209405,269.50994212455083,271.4445152590342,21539600,271.6301574707031
2022-08-02,268.51336669921875,271.5129227011394,266.1293580650753,269.6662805978078,22754200,268.51336669921875
2022-08-03,275.9878234863281,276.99418564890556,270.26228442614376,270.4088660501321,23518900,275.9878234863281
2022-08-04,277.1407470703125,277.2872988821304,273.7406257671143,275.33319521187644,18098700,277.1407470703125
2022-08-05,276.41778564453125,277.1407945849603,272.28484493915647,272.744060573087,16774600,276.41778564453125
2022-08-08,273.88720703125,279.3587038597867,272.91015509105625,277.5315916851269,18739200,273.88720703125
2022-08-09,275.82171630859375,276.5838155339825,271.23934089655916,273.2227847117655,23405200,275.82171630859375
2022-08-10,282.5243225097656,283.15940026226946,280.35526616412074,281.5570506992945,24687800,282.5243225097656
2022-08-11,280.4333801269531,284.52722930944947,279.9351040144919,284.175504994771,20065900,280.4333801269531
2022-08-12,285.2112121582031,285.2112121582031,280.35526321914153,281.85993143304614,22619700,285.2112121582031
2022-08-15,286.73541259765625,287.42911107438584,283.4525028196031,284.32209329350565,18085700,286.73541259765625
2022-08-16,285.9927978515625,287.29229332427917,283.7553709027829,285.28931942726337,18102900,285.9927978515625
2022-08-17,285.23895263671875,287.22657693681026,283.4275638200521,283.6919170451894,18253400,285.23895263671875
2022-08-18,284.1129455566406,285.8166148810079,283.0456721434277,284.132517315576,17186200,284.1129455566406
2022-08-19,280.1767578125,283.21205285988054,279.59907734911604,282.86935295637096,20570000,280.1767578125
2022-08-22,271.95220947265625,276.5638839382038,271.4332739585335,276.1918113279742,25061100,271.95220947265625
2022-08-23,270.6695251464844,273.0389927321079,269.65122599832847,270.6695251464844,17527400,270.6695251464844
2022-08-24,270.0330810546875,271.4430244316459,269.3672528796194,269.6610085134701,18137000,270.0330810546875
2022-08-25,273.0291748046875,273.1956094206998,268.7895442970541,271.54088479493174,16583400,273.0291748046875
2022-08-26,262.4937744140625,274.48806282652345,262.38608494240646,273.2543550280399,27549300,262.4937744140625
2022-08-29,259.69354248046875,261.81822869891334,258.34234411748866,260.30059568573864,20338500,259.69354248046875
2022-08-30,257.48065185546875,261.4754710261423,255.21887418345176,261.1034284098942,22767100,257.48065185546875
2022-08-31,256.01202392578125,261.53427789568053,255.87493197122282,259.85021020629233,24791800,256.01202392578125
2022-09-01,254.96437072753906,255.4441627229061,250.07854219503247,253.46630934074653,23263400,254.96437072753906
2022-09-02,250.71493530273438,259.21373957862966,249.15812895739882,256.23721883460826,22855400,250.71493530273438
2022-09-06,247.9635772705078,252.44795971595647,246.6809250263043,250.85200996486964,21328200,247.9635772705078
2022-09-07,252.70254516601562,253.42708861317715,247.93420784755494,249.3833096821503,24126700,252.70254516601562
2022-09-08,253.12356567382812,254.99369934994252,249.47143098936897,252.13466903377497,20319900,253.12356567382812
2022-09-09,258.9396057128906,259.6935517170331,254.85666778097755,255.06227583640336,22084700,258.9396057128906
2022-09-12,261.0838317871094,261.8671501850033,259.6249442243104,260.2319973073397,18747700,261.0838317871094
2022-09-13,246.72988891601562,254.96432464482666,246.33822967440065,253.43689095320934,33353300,246.72988891601562
2022-09-14,246.95510864257812,248.92314610750662,244.64437117407763,248.23776104063654,23913000,246.95510864257812
2022-09-15,240.25787353515625,246.15219960227225,238.92626196066945,244.55623484084325,31530900,240.25787353515625
2022-09-16,239.63125610351562,240.17956416663884,237.00719116393054,239.1612649577464,39791800,239.63125610351562
2022-09-19,239.4158477783203,240.02290100098614,235.82245784044076,237.40863687528983,26826900,239.4158477783203
2022-09-20,237.38902282714844,238.4268936780499,234.63768200232818,237.01696522076853,26660300,237.38902282714844
2022-09-21,233.96212768554688,242.49032073412502,233.91316840314704,239.1710845751614,28625600,233.96212768554688
2022-09-22,235.94970703125,238.76959382847815,232.61089974845348,232.90462550627097,31061200,235.94970703125
2022-09-23,232.95358276367188,236.09658280757657,230.29035968717196,234.53976160325183,34176000,232.95358276367188
2022-09-26,232.493408203125,236.40991123435145,231.95488604827668,232.10176387611173,27694200,232.493408203125
2022-09-27,231.47512817382812,236.7526155062125,229.6049943569396,234.97059942345413,27018700,231.47512817382812
2022-09-28,236.03785705566406,237.27155015003342,229.83018830583202,231.86677170466896,29029700,236.03785705566406
2022-09-29,232.54237365722656,234.94122883953057,229.5168785708888,233.90335789912527,27484200,232.54237365722656
2022-09-30,228.03839111328125,235.51891157089977,227.87194152137735,233.31587853761883,35694800,228.03839111328125
2022-10-03,235.71473693847656,236.56657155468633,229.76165062340124,230.49599493124364,28880400,235.71473693847656
2022-10-04,243.68479919433594,245.13390098876755,239.86620015378074,239.9739045740591,34888400,243.68479919433594
2022-10-05,243.99813842773438,245.34933676862912,239.00460597448068,240.8551530786187,20347100,243.99813842773438
2022-10-06,241.63841247558594,245.11431151949765,240.94324163096667,242.7546151184476,20239900,241.63841247558594
2022-10-07,229.3504180908203,236.28263010395378,228.30274638054547,235.8713841468346,37769600,229.3504180908203
2022-10-10,224.46456909179688,229.66372422317414,221.99716811850382,228.18524977908294,29743600,224.46456909179688
2022-10-11,220.7047576904297,224.2785610061986,219.4318911189659,222.868617415671,30474000,220.7047576904297
2022-10-12,221.03762817382812,223.10358401151333,219.28499973345657,220.69492820055035,21903900,221.03762817382812
2022-10-13,229.3504180908203,231.17159255986616,214.55582760214386,215.26079932824376,42551800,229.3504180908203
2022-10-14,223.78897094726562,232.2877899192671,223.57356209482342,230.62326425216398,30198600,223.78897094726562
2022-10-17,232.5717010498047,233.9718584175768,230.23159147873952,230.89740465132041,28142300,232.5717010498047
2022-10-18,233.521484375,238.83812986679797,230.45681608847852,238.16254566937874,26329600,233.521484375
2022-10-19,231.54364013671875,234.60830834251115,229.39935247453639,232.0919481353956,19985700,231.54364013671875
2022-10-20,231.22055053710938,236.27284322549886,229.96727071460137,230.8484928943571,21811000,231.22055053710938
2022-10-21,237.06590270996094,237.92753808143098,229.60496987693648,229.8399654165025,26299700,237.06590270996094
2022-10-24,242.08885192871094,242.6665325599833,236.26305645781395,238.67169753815492,24911200,242.08885192871094
2022-10-25,245.4276580810547,245.7997156975737,240.6984790313292,242.0986216482708,34775500,245.4276580810547
2022-10-26,226.49136352539062,233.32565671091658,225.25765558472068,226.3444857065967,82543200,226.49136352539062
2022-10-27,222.01673889160156,228.81187322430617,221.06698582548745,226.21718131389076,40424600,222.01673889160156
2022-10-28,230.94639587402344,231.66116845947738,221.33138836153447,221.51742465253554,40647700,230.94639587402344
2022-10-31,227.2844696044922,230.01622392707068,226.32491559359812,228.88043444903704,28357300,227.2844696044922
2022-11-01,223.40713500976562,230.819124587179,222.58467291232594,229.70292175771823,30592300,223.40713500976562
2022-11-02,215.50559997558594,226.47180622330632,215.44683987627806,224.67021829166623,38407000,215.50559997558594
2022-11-03,209.77767944335938,215.80909728979998,209.51331132332834,215.49576989713026,36633900,209.77767944335938
2022-11-04,216.7686309814453,216.96445312693717,208.9747840925836,213.008792003022,36789100,216.7686309814453
2022-11-07,223.1133575439453,223.64209376258603,216.66092308282666,217.35610886947742,33498000,223.1133575439453
2022-11-08,224.09249877929688,226.81446708596394,221.12574904260384,223.92604919971197,28192500,224.09249877929688
2022-11-09,219.82351684570312,223.85752509677178,219.64728138196077,222.62381708948223,27852900,219.82351684570312
2022-11-10,237.907958984375,238.25065895632184,230.0945400625486,230.5155569432471,46268000,237.907958984375
2022-11-11,241.9517364501953,242.81337179055075,236.87985788801873,237.91774361175214,34620200,241.9517364501953
2022-11-14,236.50782775878906,238.81856512501489,234.21667709082797,236.93864547897454,31123300,236.50782775878906
2022-11-15,236.91905212402344,241.8440533099723,235.0195458330885,240.53202842828813,31390100,236.91905212402344
2022-11-16,237.35108947753906,239.38359889843684,236.06482234792887,238.39188532341055,24093300,237.35108947753906
2022-11-17,237.302001953125,238.84356886974595,233.32537897942896,233.4726557627589,23123500,237.302001953125
2022-11-18,236.85032653808594,239.3246812010048,234.69999575812838,239.09883683924593,27613500,236.85032653808594
2022-11-21,237.66526794433594,240.23780185752938,236.8208462425614,237.05648905453265,26394700,237.66526794433594
2022-11-22,240.59127807617188,240.86620467498184,236.34954270712095,239.17736129236292,19665700,240.59127807617188
2022-11-23,243.09510803222656,243.78242458645812,239.84507083963527,240.66985070471313,19508500,243.09510803222656
2022-11-25,243.00674438476562,244.19481694408375,242.26050213358,242.82999727913526,9200800,243.00674438476562
2022-11-28,237.38050842285156,242.18192539702906,236.43790722800586,241.6222587467849,24778200,237.38050842285156
2022-11-29,235.9764404296875,238.3918693092864,233.89484887777672,237.02704966267706,17956300,235.9764404296875
2022-11-30,250.5181427001953,250.7047032506518,235.51494083530574,236.21208578979417,47594200,250.5181427001953
2022-12-01,250.07630920410156,251.48039765327633,246.37459831987624,249.27115626054174,26041500,250.07630920410156
2022-12-02,250.4003448486328,251.42149877038435,245.16689541650894,245.29454527511953,21528500,250.4003448486328
2022-12-05,245.66763305664062,249.22206707564106,243.56639967850296,247.4448425749525,23435300,245.66763305664062
2022-12-06,240.67965698242188,247.29756756690452,239.3639346203721,246.2764137142749,22463700,240.67965698242188
2022-12-07,239.9432373046875,241.70081987887235,237.82237705020034,240.39491100568443,20481500,239.9432373046875
2022-12-08,242.91836547851562,244.2341028868354,238.65698778008183,240.40474204316993,22611800,242.91836547851562
2022-12-09,240.9742431640625,243.8118905475725,239.7370733126201,240.26728468255888,20609700,240.9742431640625
2022-12-12,247.93580627441406,247.96526162942584,242.692543329028,242.96746996405648,30665100,247.93580627441406
2022-12-13,252.2659149169922,259.13911012222144,248.48565156116547,256.94949571953015,42196900,252.2659149169922
2022-12-14,252.56048583984375,257.83320401618323,249.70319661190592,252.47211977688755,35410900,252.56048583984375
2022-12-15,244.49920654296875,249.5951926755457,242.8594602024895,249.12389201647076,35560400,244.49920654296875
2022-12-16,240.25747680664062,245.31417927422603,239.09884455300138,244.04755403849336,86102000,240.25747680664062
2022-12-19,236.09426879882812,240.76805145365768,234.3857983171658,240.424385676434,29696400,236.09426879882812
2022-12-20,237.4198455810547,238.50973875797138,234.10106879357556,235.06331209947254,25150800,237.4198455810547
2022-12-21,240.00218200683594,241.17062774217493,235.76044591461016,237.3118262623194,23690600,240.00218200683594
2022-12-22,233.87522888183594,237.60639548988934,229.63347779502695,236.88960853508948,28651700,233.87522888183594
2022-12-23,234.40541076660156,234.54287407253264,229.70218803003908,231.83287676315888,21207000,234.40541076660156
2022-12-27,232.66748046875,234.60178017051703,231.55794560399602,234.37595081143152,16688600,232.66748046875
2022-12-28,230.281494140625,235.37747982698158,229.92801493167607,232.5987434032064,17457100,230.281494140625
2022-12-29,236.64413452148438,237.5376536034291,231.38122952010986,231.38122952010986,19770700,236.64413452148438
2022-12-30,235.47569274902344,235.6131560642394,232.37293222571697,233.8948571328509,21938500,235.47569274902344
2023-01-03,235.2400360107422,241.29826533020105,233.099518684118,238.6766338893005,25740000,235.2400360107422
2023-01-04,224.94985961914062,228.65155528390636,221.86674131670614,228.07224672935166,50623400,224.94985961914062
2023-01-05,218.28286743164062,223.42795059014287,217.74282764687024,223.0842848228225,39585600,218.28286743164062
2023-01-06,220.85540771484375,221.67037414337992,215.376502057129,218.96037666884743,43613600,220.85540771484375
2023-01-09,223.00572204589844,227.05109853622983,222.30859206839725,222.34786087714497,27369800,223.00572204589844
2023-01-10,224.7044219970703,227.11985106977494,223.21195237781274,223.63415579969376,27033900,224.7044219970703
2023-01-11,231.4990234375,231.67575554045706,226.92343588418757,227.1001679871446,28669300,231.4990234375
2023-01-12,234.1894073486328,235.55422702400872,229.32907915113603,230.99828080713587,27269500,234.1894073486328
2023-01-13,234.89634704589844,235.03381034817815,230.66442504459786,232.70674766587976,21333300,234.89634704589844
2023-01-17,235.99607849121094,236.54593172373328,232.79512362957803,233.65918727061418,29831300,235.99607849121094
2023-01-18,231.53831481933594,237.9893068890098,231.25357474268407,237.19398238340665,30028700,231.53831481933594
2023-01-19,227.72857666015625,231.25355513177712,226.50122043278324,229.54506986961863,28623000,227.72857666015625
2023-01-20,235.8684539794922,236.37903845699122,230.26188313206725,230.60554893050247,35389800,235.8684539794922
2023-01-23,238.18569946289062,240.72877838403122,235.30876820697657,236.7325136482929,31934000,238.18569946289062
2023-01-24,237.6554718017578,239.53087600789277,236.0844645730786,238.10714555670972,40234400,237.6554718017578
2023-01-25,236.25135803222656,238.89263116418337,226.7172477839659,230.23239799467638,66526600,236.25135803222656
2023-01-26,243.5074920654297,243.81187403333118,237.61618177352415,239.23628611084743,33454500,243.5074920654297
2023-01-27,243.6645965576172,245.30434278619185,242.35868764883875,244.47956294350342,26498900,243.6645965576172
2023-01-30,238.31333923339844,241.1509865733433,237.81256824363442,240.0807204276458,25867400,238.31333923339844
2023-01-31,243.3209228515625,243.45838615418756,238.548961085612,239.03990359246956,26541100,243.3209228515625
2023-02-01,248.1714324951172,250.55740584151195,241.02331092985187,243.50747876870054,31259900,248.1714324951172
2023-02-02,259.80682373046875,259.89518980059495,252.58996168925287,254.131528608111,39940400,259.80682373046875
2023-02-03,253.66998291015625,259.4140158625244,252.44262672224642,254.83842839822648,29077300,253.66998291015625
2023-02-06,252.1186065673828,253.62088945397664,250.16466496034164,252.77648271728145,22518000,252.1186065673828
2023-02-07,262.7131652832031,263.90123782031543,255.36865421838652,255.8105144830151,50841400,262.7131652832031
2023-02-08,261.898193359375,271.74649858000214,261.38759398871423,268.2509904236017,54686000,261.898193359375
2023-02-09,258.8445129394531,269.0168568866588,258.0393600664708,268.8400948175214,42375100,258.8445129394531
2023-02-10,258.333984375,259.30604106753316,255.938182254322,256.7924175253064,25818500,258.333984375
2023-02-13,266.40509033203125,269.6256724767286,262.3106160068339,262.79176011403075,44630900,266.40509033203125
2023-02-14,267.23968505859375,269.9889513959728,264.40202269183845,267.7306276163226,37047900,267.23968505859375
2023-02-15,265.1036682128906,266.4915975640465,262.0128120607115,264.11932371191284,28922400,265.1036682128906
2023-02-16,258.0458984375,262.56403597864954,257.79981231844084,259.8866178016932,29603600,258.0458984375
2023-02-17,254.01988220214844,256.0180998866635,251.9921353908594,255.3290769153362,30000100,254.01988220214844
2023-02-21,248.71432495117188,251.49018367236226,247.65123108049718,250.49598610687391,28397400,248.71432495117188
2023-02-22,247.57244873046875,250.35814511839848,246.42076761233298,250.1120590242694,22491100,247.57244873046875
2023-02-23,250.7814178466797,252.81900287001184,246.55857211355595,251.55904328555934,29219100,250.7814178466797
2023-02-24,245.3183135986328,247.0704454363902,244.21585267237742,246.0467338648536,24990900,245.3183135986328
2023-02-27,246.24359130859375,248.8619509386829,245.48564193779885,248.50758636453622,21190000,246.24359130859375
2023-02-28,245.5151824951172,247.5527826462789,244.83598244472995,245.17067096137697,22491000,245.5151824951172
2023-03-01,242.41452026367188,247.00155414367043,241.9420240970527,246.83421738379045,27565300,242.41452026367188
2023-03-02,247.17872619628906,247.46417946735576,241.76483192375827,242.69011807533903,24808200,247.17872619628906
2023-03-03,251.29327392578125,251.61810937843563,247.4543367942358,248.24181531401277,30760100,251.29327392578125
2023-03-06,252.84852600097656,256.04764510840005,251.972460138509,252.41541208786404,24109800,252.84852600097656
2023-03-07,250.17112731933594,253.65571496313456,249.4230309703386,252.287461805782,21473200,250.17112731933594
2023-03-08,249.72817993164062,250.55502565152239,246.88342511783708,250.06285343446362,17340200,249.72817993164062
2023-03-09,248.36978149414062,255.49642520187024,247.6413612448282,251.81498682862087,26653400,248.36978149414062
2023-03-10,244.69813537597656,248.83237825364546,243.7236441737533,247.1491579844045,28333900,244.69813537597656
2023-03-13,249.94471740722656,253.87225680008146,241.88293471762614,243.52678799195508,33339700,249.94471740722656
2023-03-14,256.7071838378906,256.98279906760126,251.85435814781437,252.7304240608025,33620300,256.7071838378906
2023-03-15,261.2843933105469,262.3081199500826,255.15191657038366,255.90988102264944,46028000,261.2843933105469
2023-03-16,271.87591552734375,272.23026506647096,259.1581735865581,261.0579509308683,54768800,271.87591552734375
2023-03-17,275.05535888671875,278.89429618396935,271.9940621060292,273.9036927174477,69527400,275.05535888671875
2023-03-20,267.9681091308594,273.13591766100586,265.6253644574901,272.6437454200395,43466600,267.9681091308594
2023-03-21,269.49383544921875,270.69473693831935,265.3005182751805,270.57662040493403,34558700,269.49383544921875
2023-03-22,268.0271301269531,276.6401431462095,267.9188366282979,269.1197379308607,34873300,268.0271301269531
2023-03-23,273.31304931640625,276.65981401873677,270.89157068422304,273.58866452624983,36610900,273.31304931640625
2023-03-24,276.17755126953125,276.23660953799197,270.9703603082994,272.8996671709077,28172000,276.17755126953125
2023-03-27,272.0531311035156,277.05358782445194,271.20657923339166,276.1086255385682,26840200,272.0531311035156
2023-03-28,270.921142578125,271.8168996614657,267.79090429530686,271.4723730848255,21878600,270.921142578125
2023-03-29,276.118408203125,276.7385498713233,274.0512793223978,274.592656630297,25087000,276.118408203125
2023-03-30,279.6029968261719,280.00658160899906,277.07325471108254,279.7802016370314,25053400,279.6029968261719
2023-03-31,283.7864990234375,284.7413143620683,278.5694853421409,279.288067620429,32766000,283.7864990234375
2023-04-03,282.7332458496094,283.7569423716875,279.5045974988717,282.0343397141944,24883300,282.7332458496094
2023-04-04,282.6839904785156,285.9028155833691,281.1976510040957,282.7332257176792,25824300,282.6839904785156
2023-04-05,279.8884582519531,282.65446336729383,278.4907061502915,281.37482777678053,22064800,279.8884582519531
2023-04-06,287.03485107421875,287.50731719041386,277.61466736506213,278.7761866204537,29770300,287.03485107421875
2023-04-10,284.8594665527344,285.0661704846128,280.2527115064888,284.68226171417155,23103000,284.8594665527344
2023-04-11,278.40216064453125,281.50287006217974,277.2308182465234,281.2764599974557,27276600,278.40216064453125
2023-04-12,279.05181884765625,282.5167307895647,277.5457729310279,280.3314847497696,27403400,279.05181884765625
2023-04-13,285.3023986816406,285.3614569468839,278.7368378636827,279.1502457203857,24222700,285.3023986816406
2023-04-14,281.6603088378906,283.96367102936733,279.2486531464038,282.5068305661248,20987900,281.6603088378906
2023-04-17,284.2785949707031,287.03477677423257,281.6799418848738,285.390908731001,23836200,284.2785949707031
2023-04-18,283.85540771484375,287.1923498602999,282.51671366556474,287.00532200932577,20161800,283.85540771484375
2023-04-19,283.93414306640625,284.52472565141113,280.08535300849246,281.51263430866226,17150300,283.93414306640625
2023-04-20,281.6307678222656,284.50506674858116,280.6168942704113,280.78424603946644,23244400,281.6307678222656
2023-04-21,281.2862548828125,281.78825008105144,278.6285130858529,280.54799661030216,21676400,281.2862548828125
2023-04-24,277.35870361328125,280.48894155472334,274.35646528671094,277.67370102270286,26611000,277.35870361328125
2023-04-25,271.108154296875,277.1913956236309,271.0589190518227,275.13411938360406,45772200,271.108154296875
2023-04-26,290.745849609375,294.88010880187886,288.1471955762277,292.0550447042532,64599200,290.745849609375
2023-04-27,300.0577087402344,300.42194142413604,290.62770202416357,291.336431237466,46462600,300.0577087402344
2023-04-28,302.44964599609375,304.09348419157374,298.5614739081994,299.25052694953416,36446700,302.44964599609375
2023-05-01,300.7762756347656,303.7686910534892,300.3726908217299,302.1642048581886,21294100,300.7762756347656
2023-05-02,300.62860107421875,304.3395683302201,299.1520846006122,302.9418162241632,26404400,300.62860107421875
2023-05-03,299.6343994140625,303.7784805128606,299.3292550837356,301.81964496531594,22360800,299.6343994140625
2023-05-04,300.62860107421875,302.9418162241632,298.65005938684857,301.44559363876704,22519900,300.62860107421875
2023-05-05,305.7865905761719,307.085932430796,299.50646831862997,300.93377975527426,28181200,305.7865905761719
2023-05-08,303.81787109375,305.3436228273613,301.2979520150605,305.2747115147881,21318600,303.81787109375
2023-05-09,302.1936950683594,305.1861101016797,301.514495109484,303.1780393519697,21340800,302.1936950683594
2023-05-10,307.4205627441406,308.0997627072867,302.8532208601683,303.78832991159567,30078000,307.4205627441406
2023-05-11,305.25506591796875,306.24926349994644,301.4653635324245,305.2452428998002,31680200,305.25506591796875
2023-05-12,304.13287353515625,305.78656482552327,301.79998224342324,305.68812438304315,19758100,304.13287353515625
2023-05-15,304.615234375,305.04834834939237,302.77451500373724,304.26088478130237,16336500,304.615234375
2023-05-16,306.8594970703125,308.79865663517415,304.9793957630767,304.9793957630767,26730300,306.8594970703125
2023-05-17,309.75982666015625,310.1840128280389,306.54383920821226,308.07292647953415,24315000,309.75982666015625
2023-05-18,314.21875,314.73174727715974,309.48358041459244,310.28263990581155,27276000,314.21875
2023-05-19,314.04119873046875,314.44566578774686,312.0977999996557,312.46279877914503,27529500,314.04119873046875
2023-05-22,316.8428649902344,318.23382834454407,313.71568867126024,314.29771785830155,24115700,316.8428649902344
2023-05-23,311.0027770996094,318.36202974124154,310.9929025046368,315.70835276424714,30797200,311.0027770996094
2023-05-24,309.6118469238281,312.22605590477934,308.3885711303924,310.47996842062906,23384900,309.6118469238281
2023-05-25,321.5188293457031,322.485576277812,315.67875905674543,318.8749968584438,43301700,321.5188293457031
2023-05-26,328.394775390625,328.8978680435936,319.5064338872772,319.6445277176384,36630600,328.394775390625
2023-05-30,326.7373962402344,331.20622279832344,326.05671145740513,330.70313021071354,29503100,326.7373962402344
2023-05-31,323.9555358886719,331.4035709455312,322.9098221088515,327.8028654551653,45950600,323.9555358886719
2023-06-01,328.0888671875,329.0260505461007,320.3350221149729,321.5286739937124,26773900,328.0888671875
2023-06-02,330.8708190917969,332.94246713059334,328.05929890382134,329.7363544841506,25864000,330.8708190917969
2023-06-05,331.4035339355469,333.98814914784583,330.14082001100866,330.6932554714019,21307100,331.4035339355469
2023-06-06,329.1740417480469,330.84122271907466,327.6844529715384,330.80175444190655,20396200,329.1740417480469
2023-06-07,319.01312255859375,329.97308008554893,318.1450011494344,327.17143469583544,40717100,319.01312255859375
2023-06-08,320.8677673339844,322.2291369225087,318.98355595766924,319.5655851097024,23277700,320.8677673339844
2023-06-09,322.37713623046875,325.53390634602147,320.0292702055803,320.6014248165846,22514900,322.37713623046875
2023-06-12,327.3687744140625,327.6153984673946,320.76911233845874,324.1429125289751,24260300,327.3687744140625
2023-06-13,329.77581787109375,332.4294950152336,325.928488773513,329.95337995894954,22951300,329.77581787109375
2023-06-14,332.7846374511719,334.46169309865223,328.31581069541244,329.8251487359543,26003800,332.7846374511719
2023-06-15,343.3993835449219,345.1158775506154,332.64657941086205,332.92279718310556,38899100,343.3993835449219
2023-06-16,337.70721435546875,346.7238036323781,337.332371106431,346.57583523072196,46533600,337.70721435546875
2023-06-20,333.4850158691406,337.4605942019211,331.32458686367323,334.7280106683064,26375400,333.4850158691406
2023-06-21,329.0556640625,333.1693663878864,327.5857943850583,331.82771592550745,25117800,329.0556640625
2023-06-22,335.12261962890625,335.52708668833833,328.838643577594,329.6081094184592,23556800,335.12261962890625
2023-06-23,330.4959411621094,333.396242355337,328.9471650313448,329.8448500671527,23084700,330.4959411621094
2023-06-26,324.16265869140625,331.571224712544,324.05412845410723,329.2135144395698,21520600,324.16265869140625
2023-06-27,330.0520324707031,331.61068318067953,324.85317836133345,327.3786061607091,24354100,330.0520324707031
2023-06-28,331.3148193359375,333.41606146816537,329.3023582663485,330.1408862208006,20259500,331.3148193359375
2023-06-29,330.52557373046875,331.5712574014784,328.1283949434642,330.19016860066165,16997000,330.52557373046875
2023-06-30,335.94146728515625,338.1018966475319,332.6465731689778,333.18913410608565,26823800,335.94146728515625
2023-07-03,333.4258728027344,336.29658063116784,332.0250649242067,334.60968039782284,12508700,333.4258728027344
2023-07-05,333.5837097167969,337.0364466828848,330.2099093118582,330.5650335205982,18172400,333.5837097167969
2023-07-06,336.6615905761719,338.3583654623212,330.9695176090643,332.7451989549393,28161200,336.6615905761719
2023-07-07,332.6662902832031,337.1745856915764,332.44925988855226,334.7379385766014,21185300,332.6662902832031
2023-07-10,327.34906005859375,330.7031716252325,323.16632530270994,330.0816741278203,32791400,327.34906005859375
2023-07-11,327.9804382324219,328.36515614884536,322.5843020670204,326.5894747851635,26698200,327.9804382324219
2023-07-12,332.64654541015625,337.03643563123427,331.1372073615491,332.0546416428547,29995300,332.64654541015625
2023-07-13,338.03277587890625,339.0981784792485,334.4419154262678,334.9746317791757,20567200,338.03277587890625
2023-07-14,340.57794189453125,346.684355842652,339.66050764457793,342.8962140090438,28302200,340.57794189453125
2023-07-17,341.0613708496094,342.3043356947929,337.57904017391905,341.0120279721599,20363900,341.0613708496094
2023-07-18,354.635498046875,361.8270635461225,337.5494072854083,341.1599567699789,64872700,354.635498046875
2023-07-19,350.2850341796875,357.56538046892035,347.6807000395438,356.86497664298207,39732900,350.2850341796875
2023-07-20,342.1859436035156,353.13605781346064,340.70619925367106,348.79548040834504,33778400,342.1859436035156
2023-07-21,339.1278076171875,345.56962697471664,335.2410099540345,344.4351622996389,69368900,339.1278076171875
2023-07-24,340.44970703125,342.2352929441679,337.6875295682125,341.1797347293557,26678100,340.44970703125
2023-07-25,346.2404479980469,347.13816315499605,340.4102518285033,342.42268240569985,41637700,346.2404479980469
2023-07-26,333.2088317871094,340.01568008356725,328.611755590644,336.82928631733375,58383700,333.2088317871094
2023-07-27,326.2539978027344,336.72070717863835,324.60653603697625,335.88220956155055,39635300,326.2539978027344
2023-07-28,333.8006896972656,335.418557796275,328.67092789982416,329.16417596335543,28484900,333.8006896972656
2023-07-31,331.3837890625,333.1397509475662,328.85833130447116,332.3702851800759,25446000,331.3837890625
2023-08-01,331.79815673828125,333.96846060651745,329.1938222018752,330.66369203212577,18311900,331.79815673828125
2023-08-02,323.0775146484375,329.12474134255,321.9528944979642,329.12474134255,27761300,323.0775146484375
2023-08-03,322.2488708496094,325.42539000063243,321.5484669368351,321.597779707483,18253700,322.2488708496094
2023-08-04,323.35369873046875,330.61432586715995,322.820982393301,327.3983388650913,23727700,323.35369873046875
2023-08-07,325.6522521972656,326.638748415641,323.09723060433043,323.9357584110446,17741500,325.6522521972656
2023-08-08,321.6470947265625,324.31064668065517,318.6382931645677,322.54480993915706,22327600,321.6470947265625
2023-08-09,317.8786926269531,322.69276896492516,316.7146041895466,322.0614270294025,22373300,317.8786926269531
2023-08-10,318.5692138671875,323.8272555255074,316.84284549970266,321.6174835434037,20113700,318.5692138671875
2023-08-11,316.6751708984375,318.05625962756983,314.8994595848591,315.9352987108156,24342600,316.6751708984375
2023-08-14,319.6642761230469,319.68399521148456,315.75772901793835,317.05006689482826,18836100,319.6642761230469
2023-08-15,317.513671875,320.7000656335948,316.5666438946888,318.63829206231935,16966300,317.513671875
2023-08-16,316.7425842285156,320.7167146880456,316.1494272765782,317.13801214006867,20698900,316.7425842285156
2023-08-17,313.26275634765625,318.19578484702873,312.60039125699797,316.88098033707746,21257200,313.26275634765625
2023-08-18,312.8673095703125,314.74561454363595,307.99356387048624,310.90000542142724,24744800,312.8673095703125
2023-08-21,318.2057189941406,319.08554388527233,313.42097159988043,314.30079649101214,24040000,318.2057189941406
2023-08-22,318.779052734375,322.357724957099,317.7904679139887,321.7843590357293,16102000,318.779052734375
2023-08-23,323.2672424316406,325.44214114565574,319.76764365334907,320.1235498834675,21166400,323.2672424316406
2023-08-24,316.31744384765625,329.1789402935589,316.30754834662827,329.0504194570365,23281400,316.31744384765625
2023-08-25,319.29315185546875,321.64595850158366,315.16084417438077,317.8003790491066,21684100,319.29315185546875
2023-08-28,320.00494384765625,322.4269587484768,318.0475348868792,321.9425618021561,14808500,320.00494384765625
2023-08-29,324.6611328125,325.22463338047504,318.2056753742059,318.2056753742059,19284600,324.6611328125
2023-08-30,325.03680419921875,326.0451498323158,322.72351939208045,324.9181788505266,15222100,325.03680419921875
2023-08-31,324.0185852050781,327.13262149789296,323.0497611758668,325.4421498250876,26411000,324.0185852050781
2023-09-01,324.9083557128906,328.20033054915075,323.04981105153655,327.528099977365,14931200,324.9083557128906
2023-09-05,329.74249267578125,331.0276711915423,324.9083280364007,325.24444329366247,18553900,329.74249267578125
2023-09-06,329.0801086425781,330.64205933119945,326.41091765065016,329.5744010359564,17535800,329.0801086425781
2023-09-07,326.1440124511719,329.2778093480337,325.27405300686524,327.50826429163334,18381000,326.1440124511719
2023-09-08,330.45428466796875,332.3227247289634,325.69919341024064,326.32200676390556,19530100,330.45428466796875
2023-09-11,334.0823669433594,334.5568985327326,331.60100931332755,333.39034548000865,16583300,334.0823669433594
2023-09-12,327.9827575683594,332.9454724112578,327.6960897075164,331.98654397967573,17565500,327.9827575683594
2023-09-13,332.2237854003906,333.00477579258046,327.3896217084782,327.5280078841252,16544400,332.2237854003906
2023-09-14,334.83367919921875,336.9689957887937,332.7279887772519,335.2785242515413,20267000,334.83367919921875
2023-09-15,326.45050048828125,333.54853269059,325.88699986571044,333.07403125618623,37666900,326.45050048828125
2023-09-18,325.3037414550781,326.6284415872305,322.63455018467687,324.058114839662,16834200,325.3037414550781
2023-09-19,324.8983459472656,325.6299191185463,320.80562109911665,322.44667527255933,16505900,324.8983459472656
2023-09-20,317.1083068847656,325.8276312763471,316.8512953749707,325.7485577739205,21436500,317.1083068847656
2023-09-21,315.88250732421875,321.6360782353787,311.40421928226147,315.6156002828941,35529500,315.88250732421875
2023-09-22,313.39129638671875,317.78061558235316,312.54109771841047,317.6520947233704,21447900,313.39129638671875
2023-09-25,313.9152526855469,314.04377354761226,311.404238631424,312.9760849775433,17836000,313.9152526855469
2023-09-26,308.5768737792969,312.27417127506453,306.48104866233854,311.5327326754824,26297600,308.5768737792969
2023-09-27,309.219482421875,310.71222512078947,306.15486316727345,308.73505530094553,19410100,309.219482421875
2023-09-28,310.0597839355469,311.87877653956156,305.9176107720618,307.4400098031896,19683600,310.0597839355469
2023-09-29,312.1456604003906,315.82319717862225,311.38446094140835,314.12283006246753,24140300,312.1456604003906
2023-10-02,318.1265563964844,318.2155555717482,311.58213026261114,312.669579507487,20570000,318.1265563964844
2023-10-03,309.81268310546875,317.72136350048436,307.65754476921865,317.1677281171495,21033500,309.81268310546875
2023-10-04,315.31903076171875,316.38671934680445,310.4156581127954,310.4453144529802,20720100,315.31903076171875
2023-10-05,315.7144470214844,316.3273949780159,311.30536698470246,315.4475399696837,16965600,315.7144470214844
2023-10-06,323.5242919921875,325.4322535375942,312.6893801694388,312.9365263852443,25645500,323.5242919921875
2023-10-09,326.0550231933594,326.5295245559065,319.4908060988146,321.04289136697315,19891200,326.0550231933594
2023-10-10,324.64141845703125,327.3204751601556,323.92963610326484,327.1820587892371,20557100,324.64141845703125
2023-10-11,328.6253967285156,329.020824643838,325.3828395521265,327.42918731045415,20063200,328.6253967285156
2023-10-12,327.3797912597656,329.82159726019745,324.9676416006663,326.79652976741545,19313100,327.3797912597656
2023-10-13,323.9888916015625,330.0192344527911,322.6345051493191,328.5858046640615,21072400,323.9888916015625
2023-10-16,328.8428649902344,332.3029118179807,326.8261435346823,327.27098859672117,22158000,328.8428649902344
2023-10-17,328.2695007324219,329.65351356385685,323.67258696373347,325.8276948133406,18338500,328.2695007324219
2023-10-18,326.3417053222656,331.75916074567095,324.55236929454276,328.6945419118804,23153600,326.3417053222656
2023-10-19,327.5379333496094,333.0344625947889,327.1326099487148,328.35844548463956,25052100,327.5379333496094
2023-10-20,322.9410095214844,328.13107971555456,321.7349348600938,327.93335068809495,25012600,322.9410095214844
2023-10-23,325.560791015625,328.9318691915997,320.68707463176605,321.7547330640911,24374700,325.560791015625
2023-10-24,326.7569580078125,328.0520017824309,323.86041156041205,327.5181575017648,31153600,326.7569580078125
2023-10-25,336.78118896484375,342.24806157017446,333.765987296064,341.08150860571766,55053800,336.78118896484375
2023-10-26,324.1471252441406,337.7302724471152,323.20795749855927,336.6527185001531,37828500,324.1471252441406
2023-10-27,326.0451965332031,332.876322086507,324.65128814798715,326.6581143687127,29856500,326.0451965332031
2023-10-30,333.4595642089844,335.5751503381647,328.04210819348634,329.60408920215934,22828100,333.4595642089844
2023-10-31,334.25042724609375,335.1302822914459,330.8694837708354,334.98200058976215,20265300,334.25042724609375
2023-11-01,342.1195983886719,343.45419409526926,335.77286978156485,335.91128615477885,28158800,342.1195983886719
2023-11-02,344.3438720703125,344.84802981392585,340.834377854448,343.27618356893754,24348100,344.3438720703125
2023-11-03,348.772705078125,350.3445814577073,343.3651450199177,345.6389081595281,23624000,348.772705078125
2023-11-06,352.46014404296875,353.4586243635472,349.31645156155355,349.4153160772212,23828300,352.46014404296875
2023-11-07,356.41448974609375,358.3224512391216,353.5475997552972,355.29738405424604,25833900,356.41448974609375
2023-11-08,359.0540466308594,359.7163816170377,356.4342725186346,357.55137827923454,26767800,359.0540466308594
2023-11-09,356.5727233886719,360.6259278921103,356.2464734463561,358.1643307455067,24847300,356.5727233886719
2023-11-10,365.4501647949219,365.8752490282028,356.9483292832311,357.36351801413326,28042100,365.4501647949219
2023-11-13,362.4942932128906,364.2638685791425,361.7231982203745,364.0167223614231,19986500,362.4942932128906
2023-11-14,366.0433044433594,367.70414993309754,363.15665355329156,366.77487775321134,27683900,366.0433044433594
2023-11-15,366.19189453125,369.6193319212851,363.65595302337914,367.78673199342217,26860100,366.19189453125
2023-11-16,372.6307678222656,372.8090670130161,366.6971049772861,367.4697650343208,27182300,372.6307678222656
2023-11-17,366.3702392578125,370.84770155077825,363.5470476915022,370.0948424049753,40157000,366.3702392578125
2023-11-20,373.8888244628906,375.305362924845,367.5094133597198,367.7273446792859,52465100,373.8888244628906
2023-11-21,369.5599365234375,372.6802933507884,367.62827122388927,372.13548017935176,28423100,369.5599365234375
2023-11-22,374.2949523925781,376.2167020543969,371.4420444315091,374.44353505087355,23345300,374.2949523925781
2023-11-24,373.8788757324219,374.4138035112927,371.61044336899096,373.7798105540461,10176600,373.8788757324219
2023-11-27,375.04779052734375,377.05872006421737,372.6604918874323,373.23502159050327,22179200,375.04779052734375
2023-11-28,379.0993347167969,379.3965000397917,374.6020413692927,374.7902561506727,20453100,379.0993347167969
2023-11-29,375.2855529785156,380.68425789892774,373.88881549531266,380.1493603159181,28963400,375.2855529785156
2023-11-30,375.3450012207031,376.51389184921896,371.9373642934916,374.92893951997735,30554400,375.3450012207031
2023-12-01,370.98638916015625,374.6020416682448,367.8164846369156,373.21521977574577,33020400,370.98638916015625
2023-12-04,365.6669006347656,366.0432999492324,359.4855901354516,365.6272685167618,32063300,365.6669006347656
2023-12-05,369.01507568359375,369.5698044164444,362.1800014727598,363.002209215325,23065000,369.01507568359375
2023-12-06,365.3301086425781,370.659495392555,364.56736412162047,370.02553259484574,21182100,365.3301086425781
2023-12-07,367.4598693847656,367.95516505438763,362.8734266471938,364.76545973280383,23118900,367.4598693847656
2023-12-08,370.708984375,370.93680102116286,364.765436714598,365.7263114622475,20144800,370.708984375
2023-12-11,367.8065185546875,368.10371406756866,362.6554621996512,365.0130742084577,27708800,367.8065185546875
2023-12-12,370.8575744628906,370.8972065792804,366.9744432787704,367.3607883950642,24838300,370.8575744628906
2023-12-13,370.8476867675781,374.086939898613,367.28155178547297,372.48215648382853,30955500,370.8476867675781
2023-12-14,362.4870910644531,370.24343838413614,360.70403869901645,369.79766017755225,43277500,362.4870910644531
2023-12-15,367.2419738769531,368.8962446456856,362.83382989546425,363.3984742691784,78478200,367.2419738769531
2023-12-18,369.1438293457031,369.4905423350022,365.21118080921997,365.9739554317672,21802900,369.1438293457031
2023-12-19,369.7481384277344,369.7481384277344,366.3603026960237,367.9947723838569,20603700,369.7481384277344
2023-12-20,367.1329345703125,372.49203701128664,367.04378498295705,371.47172920429006,26316700,367.1329345703125
2023-12-21,370.0255126953125,370.88732235937965,366.5584428639484,369.0547222595686,17708000,370.0255126953125
2023-12-22,371.0556945800781,371.6500554361655,369.20329359245756,370.16416841117154,17091100,371.0556945800781
2023-12-26,371.1349792480469,373.3935264411523,369.9858895911405,371.4717766979323,12673100,371.1349792480469
2023-12-27,370.5505065917969,371.53118233613856,369.3023518404904,370.17407704899347,14905400,370.5505065917969
2023-12-28,371.7491149902344,372.9180055102288,370.6396575319042,371.83826458273074,14327000,371.7491149902344
2023-12-29,372.501953125,373.6114105209222,369.9660418684788,372.4623210093037,18723000,372.501953125
